1,agree,[自]賛成する
2,oppose,[他]～に反対する
3,advise,[他]～に忠告する
4,tip,[名]助言，ヒント
5,discuss,[他]～について話し合う，議論する
6,blame,[他]～に責任があるとする
7,argue,[他]（that S V）～と主張する
8,claim,[他]（that S V）～と主張する
9,complain,[自]文句を言う，苦情を言う
10,offer,[他]～を申し出る
11,suggest,[他]～を示唆する
12,recommend,[他]～を推薦する，勧める
13,grateful,[形]感謝している
14,apologize,[自]（to ～）（～に）謝る
15,excuse,[名]言い訳
16,celebrate,[他]～を祝う
17,admire,[他]～に感心する，称賛する
18,impress,[他]～に感銘を与える，～を感心させる
19,award,[名]賞
20,describe,[他]～を説明する
21,explain,[他]～を説明する
22,communicate,[自]（with ～）（～と）意思の疎通をはかる
23,express,[他]（意見，気持ち）を表現する
24,promise,[名]約束
25,information,[名]情報〈不可算〉
26,technology,[名]（科学）技術
27,research,[名]（学術）研究
28,material,[名]材料，生地
29,artificial,[形]人工的な
30,electric,[形]電気の，電動の
31,invent,[他]～を発明する
32,discover,[他]～を発見する
33,develop,[自]発達する
34,skill,[名]技術，力
35,ability,[名]能力
36,talent,[名]才能
37,effort,[名]努力
38,practice,[名]練習
39,game,[名]試合，ゲーム〈可算〉
40,achieve,[他]～を達成する
41,manage,[他]（to do）何とかして～する
42,improve,[他]～を改善する，磨く
43,produce,[他]～を生産する，産出する
44,create,[他]～を創造する
45,establish,[他]～を確立する，定着させる
46,save,[他]（時間，手間）を省く
47,medicine,[名]（for ～）（～の）薬
48,patient,[名]患者
49,condition,[名]状態，容態
50,medical,[形]医療の
51,stress,[名]ストレス
52,suffer,[自]（from ～）（病気などで）苦しむ
53,exercise,[名]運動
54,breathe,[自]呼吸する，息をする
55,thirsty,[形]のどが渇いた
56,physical,[形]身体的な
57,fever,[名]（体温の）熱
58,strength,[名]（physical －）体力
59,tear,[名]（通例 －s）涙〈可算〉
60,taste,[自]～の味がする
61,rule,[名]規則
62,role,[名]役割
63,habit,[名]習慣，癖
64,custom,[名]習慣
65,tradition,[名]伝統
66,society,[名]社会〈不可算〉
67,law,[名]（the－）（集合的に）法律，国法
68,ancestor,[名]祖先
69,population,[名]人口，個体数
70,native,[形]母国の，その土地の
71,abroad,[副]海外へ，海外で
72,local,[形]その土地の，地元の
73,survey,[名]調査〈可算〉
74,evidence,[名]証拠〈不可算〉
75,value,[名]価値
76,treasure,[名]財宝，宝
77,fashion,[名]流行
78,public,[名]（the －）大衆
79,vote,[名]投票（数）
80,government,[名]政府
81,nation,[名]国家
82,capital,[名]首都
83,state,[名]州
84,political,[形]政治的な，政治の
85,price,[名]価格
86,cost,[他]（費用）を要する，～がかかる
87,sum,[名]（修飾語を伴って）金額
88,budget,[名]予算
89,fee,[名]（会費，遊園地などの）料金
90,fare,[名]運賃
91,bill,[名]勘定
92,trade,[名]貿易
93,wealth,[名]富，財産〈不可算〉
94,economy,[名]経済
95,company,[名]会社
96,task,[名]仕事〈可算〉
97,earn,[他]（金）を稼ぐ，もうける
98,hurt,[自]（身体の部位が）痛む
99,injure,[他]～を痛める
100,damage,[他]～に損害を与える
101,destroy,[他]～を（完全に）破壊する
102,ruin,[他]～を台無しにする
103,danger,[名]危険
104,neighbor,[名]近所の人
105,audience,[名]聴衆，観客
106,crowd,[名]群衆
107,author,[名]著者
108,staff,[名]（集合的に）職員，従業員
109,clerk,[名]〈米〉店員
110,customer,[名]客
111,passenger,[名]乗客
112,elderly,[形]年配の
113,female,[形]女性の
114,head,[自]向かう
115,follow,[他]～の後について行く，～に続く
116,wander,[自]歩き回る，さまよう
117,travel,[自]旅行する，移動する
118,pass,[他]～を通り過ぎる
119,likely,[形]（to do）～しそうだ，可能性が高い
120,natural,[形]当然の
121,certain,[形]確かな
122,probably,[副]おそらく
123,face,[他]～に直面する
124,avoid,[他]～を避ける
125,solve,[他]～を解決する
126,trouble,[名]問題，ごたごた（通例〈不可算〉）
127,issue,[名]問題
128,cheer,[他]（on）～に声援を送る
129,encourage,[他]（A to do）（A）に（～するよう）促す，奨励する
130,support,[他]～を支持する
131,prevent,[他]～を妨げる
132,deny,[他]～を否定する
133,enable,[他]（A to do）（A）に［が］（～することを）可能にする
134,succeed,[自]（in ～）（～に）成功する
135,miss,[他]～を逃す
136,fail,[自]（in［at］～）（～に）失敗する
137,mistake,[名]間違い
138,check,[他]～を調べる
139,hide,[他]～を隠す
140,draw,[他]（線で絵など）を描く
141,join,[他]（クラブ，団体など）に加わる
142,throw,[他]～を投げる
143,operate,[他]（機械など）を操作する
144,repair,[他]～を修理する
145,sew,[他]～を縫う
146,raise,[他] ～を上げる
147,serve,[他]（飲食物）を出す
148,pour,[他]～を注ぐ
149,spill,[他]～をこぼす
150,pretend,[自]（to do / that S V）（～する/ ～である）ふりをする
151,behave,[自]ふるまう
152,bear,[他]（can －）～に耐える
153,explore,[他]～を探検する，（街など）を探索する
154,happen,[自]（to ～）（～に）起こる
155,appear,[自]現れる
156,remain,[自]～のままでいる
157,survive,[自]生き残る
158,belong,[自]（～に）所属している
159,represent,[他]～を代表する
160,base,[他]～の基礎を置く
161,include,[他]～を含む
162,contain,[他]～を含む
163,own,[形]自分自身の
164,share,[他]～を共有する
165,collect,[他]（同種の物）を集める
166,gather,[他]～を集める
167,history,[名]歴史
168,subject,[名]科目
169,education,[名]教育
170,knowledge,[名]知識，知っていること
171,uniform,[名]制服
172,grade,[名]（小，中，高の）学年
173,senior,[名]（高校，大学の）最上級生
174,graduate,[自]（from ～）（～を）卒業する
175,decide,[他]（to do）（～すること）を決定する，決心する
176,judge,[他]～を判断する
177,quit,[他]～を（完全に）やめる
178,retire,[自]（from ～）（～を）引退する，退職する
179,review,[名]再検討
180,choose,[他]～を選ぶ
181,imagine,[他]～を想像する
182,guess,[他]～を推測する
183,expect,[他]～を予期する
184,predict,[他]～を予測する
185,remember,[他]（doing）（過去にしたこと）を覚えている
186,remind,[他]（A of B）（A）に（B のことを）思い出させる
187,realize,[他]～を（はっきり）理解する
188,appreciate,[他]～を（正しく）理解する
189,accept,[他]～を受け入れる
190,consider,[他]～をよく考える，考慮する
191,mind,[自]気にする
192,wonder,[他]（wh－節 / if S V）～かなと思う
193,seem,[自]～のように思われる
194,compare,"[他]（A with［to, and］ B）（A）を（B と）比較する"
195,concentrate,[自]（on ～）（～に）集中する
196,focus,[自]（on ～）（～に）焦点を当てる，力を注ぐ
197,allow,[他]（人が）～を許可する
198,admit,[他]～を認める
199,ground,[名]地面
200,pollution,[名]汚染，公害〈不可算〉
201,sight,[名]光景
202,view,[名]眺め，景色〈可算〉
203,landscape,[名]風景
204,nature,[名]（無冠詞）自然
205,seed,[名]種
206,plant,[名]植物
207,bloom,[自]（花が）咲く
208,harvest,[名]収穫
209,insect,[名]昆虫
210,earthquake,[名]地震
211,temperature,[名]温度，気温
212,degree,[名]（温度などの）度
213,flood,[名]洪水
214,freeze,[自]凍る，凍りつく
215,reflect,[他]～を反射する
216,polite,[形]（人，言動が）礼儀正しい
217,rude,[形]無礼な，不作法な
218,lonely,[形]孤独な
219,lazy,[形]（やる気がなく）怠惰な，いい加減な
220,strict,[形]厳しい
221,ugly,[形]醜い
222,intelligent,[形]知的な，賢い
223,silly,[形]ばかな
224,nervous,[形]あがって，落ち着かない
225,awake,[形]目を覚まして
226,attitude,[名]態度，姿勢
227,character,[名]性格，特徴
228,characteristic,[名]特徴〈可算〉
229,feature,[名]特徴
230,detail,[名]詳細
231,advantage,[名]（over ～）（～に対する）利点
232,fault,[名]（ちょっとした）欠点，不具合〈可算〉
233,quality,[名]質〈不可算〉
234,correct,[形]正確な，正しい
235,ideal,[形]理想的な，申し分のない
236,fair,[形]公正な，公平な
237,appropriate,[形]適切な
238,famous,[形]（for one's ～）（～で）有名な
239,elementary,[形]初歩的な，基本の
240,major,[形]主要な
241,matter,[自]重要である
242,bright,[形]明るい
243,brilliant,[形]輝いている
244,lively,[形]生き生きとした
245,comfortable,[形]（物が）快適な
246,pleasant,[形]（人にとって）楽しい，心地よい
247,convenient,[形]都合がよい
248,false,[形]誤った
249,terrible,[形]ひどい
250,awful,[形]ひどい，不快な
251,thin,[形]薄い
252,tight,[形]引き締まった，きつい
253,loose,[形]ゆるい
254,raw,[形]生の，加工されていない
255,empty,[形]空の，中身のない
256,smooth,[形]滑らかな
257,direct,[形]直接的な
258,familiar,[形]知られた
259,similar,[形]（to ～）（～に）似た
260,differ,[自]異なる
261,vary,[自]さまざまだ，変わる
262,specific,[形]特定の
263,common,[形]普及した，普通の
264,unusual,[形]珍しい
265,add,[他]～を加える
266,increase,[自]増える
267,reduce,[他]～を減らす
268,divide,[他]～を分割する
269,count,[他]～を数える
270,weigh,[自]～の重さがある
271,quarter,[名]4 分の1 ，15分，25セント
272,lot,[名]（a － of ～）多くの～
273,pile,[名]積み重ね，山
274,rate,[名]割合，速さ
275,figure,[名]数字
276,lack,[名]（（a）－ of ～）（～の）不足
277,extra,[形]余分な，追加の，臨時の
278,ready,[形]用意ができている
279,prepare,[他]～の準備をする，用意をする
280,adjust,[自]（to ～）（～に）慣れる
281,apply,[自]（to ～）（～に）当てはまる
282,suit,[他]（人）に適している，好都合だ
283,case,[名]場合
284,scene,[名]（劇，小説などの）場面
285,chance,[名]（to do）（～する）機会
286,opportunity,[名]（よい）機会，好機
287,experience,[名]経験
288,time,[名]（漠然とした）時間
289,spring,[名]春
290,minute,[名]（時間の）分
291,period,[名]時代
292,generation,[名]世代
293,anniversary,[名]記念日
294,recently,[副]最近，近ごろ
295,used,[助]（to ～）以前は～だった，よく～したものだ
296,early,[副]（時間，時期が）早く，初期に
297,first,[形]第1 の
298,latest,[形]（the －）最新の
299,modern,[形]現代の
300,latter,[形]後半の
301,spend,[他]（時間）を費やす
302,delay,[他]～を遅らせる
303,borrow,[他]～を借りる
304,lend,[他]（無償で）～を貸す
305,rent,[他]～を借りる
306,provide,[他]～を供給する，与える
307,shelf,[名]棚（の一段）
308,board,[名]（細長い）板
309,garbage,[名]ごみ
310,item,[名]品物
311,wheel,[名]車輪
312,note,[名]メモ
313,present,[名]プレゼント
314,stuff,[名]（漠然とした）もの
315,string,[名]ひも
316,leisure,[名]余暇
317,diet,[名]食事
318,furniture,[名]家具〈不可算〉
319,refrigerator,[名]冷蔵庫
320,traffic,[名]交通（量）〈不可算〉
321,jam,[名]渋滞
322,sell,[他]～を売る
323,pay,[他]（A for B） （B の代金としてA）を支払う
324,wear,[他]～を身につけている
325,clothes,[名]服〈複数扱い〉
326,marry,[他]～と結婚する
327,greet,[他]～に挨拶する，出迎える
328,order,[他]～を注文する
329,room,[名]部屋
330,story,[名]階
331,site,[名]用地
332,yard,[名]（主に〈米〉）庭
333,bottom,[名]底
334,line,[名]列
335,row,[名]列
336,background,[名]背景
337,direction,[名]方向，方角
338,art,[名]芸術
339,culture,[名]文化
340,cartoon,[名]漫画
341,novel,[名]小説
342,instrument,[名]楽器
343,tune,[名]曲
344,sentence,[名]（ 1 つ1 つの）文
345,article,[名]記事
346,passage,[名]（文章などの）一節
347,vocabulary,[名]語彙
348,rumor,[名]うわさ
349,spell,[他]～をつづる
350,pronounce,[他]（単語など）を発音する
351,sign,[名]兆候，印
352,mean,[他]～を意味する
353,publish,[他]～を出版する
354,display,[他]～を展示する
355,trust,[他]～を信頼する
356,depend,[自]（物，事が主語）（on ～）（～）次第である
357,rely,[自]（on ～）（～に）頼る
358,pray,[自]祈る
359,beg,[他]～を嘆願する
360,prefer,[他]（A to B） （B よりA）を好む
361,weep,[自]しくしく泣く
362,hate,[他]～を嫌う
363,worry,[自]心配をする
364,anxious,[形]（about ～）（～を）心配して
365,satisfy,[他]～を満足させる
366,annoy,[他]～をいらだたせる
367,bother,[他]～に面倒をかける
368,disturb,[他]（うるさくして）～に迷惑をかける
369,frighten,[他]～をおびえさせる
370,upset,[他]～を動揺させる
371,regret,[他]～を後悔する
372,favor,[名]親切な行為
373,interest,[名]関心
374,pity,[名]残念なこと〈可算〉
375,due,[形]（due to （名詞））（名詞）が原因で
376,reason,[名]理由
377,result,[名]結果
378,effect,[名]効果，影響，結果
379,influence,[名]影響（力）
380,cause,[他]～を引き起こす
381,affect,[他]～に影響を与える，作用する
382,way,[名]方法
383,manner,[名]方法
384,purpose,[名]目的
385,sake,[名]（for ～）ため
386,right,[副]（場所や時の副詞（句）を修飾して）ちょうど
387,complete,[形]完全な
388,hardly,[副]（程度）ほとんど～ない
389,nearly,[副]ほとんど
390,partly,[副]ある程度，部分的に
391,actually,[副]実は
392,indeed,[副]（強調として）実際に，本当に
393,even,[副]さえも
394,exactly,[副]正確に
395,gradually,[副]徐々に
396,therefore,[副]それゆえに
397,instead,[副]代わりに
398,until,[前]～まで（ずっと）
399,besides,[前]～に加えて
400,except,[前]～を除いて
401,debate,[名]討論
402,criticize,[他]～を批判する
403,accuse,[他]～を非難する
404,insist,[自]（on ～）（～と）言い張る，（強く）主張する
405,object,[自]（to ～）（～に感情的に）反対する
406,protest,[自]（against ～）（～に対して）抗議する
407,controversial,[形]論争を招く，物議をかもす
408,bound,[形]（to do）きっと～（する，～する［である］に違いない）
409,bet,[他]（that S V）きっと～だと思う
410,congratulate,[他]（人）を祝う，～にお祝いを述べる
411,praise,[他]（A for B）（A）を（B のことで）褒める，称える
412,honor,[名]名誉，栄誉
413,chat,[自]おしゃべりする
414,refer,[自]（人が主語）（～に）言及する，参照する
415,mention,[他]～について述べる，言及する
416,convey,[他]～を伝える
417,emphasize,[他]～を強調する
418,exaggerate,[他]～を誇張する
419,reply,[自]（to ～）（～に）返事をする，答える
420,respond,[自]（to ～）（手紙や問いなどに）返答する
421,whisper,[自]ささやく
422,remark,[名]発言
423,observe,[他]～を観察する
424,theory,[名]理論
425,analysis,[名]分析
426,experiment,[名]実験
427,device,[名]装置
428,phenomenon,[名]現象
429,substance,[名]物質
430,chemical,[名]（通例 －s）化学物質
431,fuel,[名]燃料
432,nuclear,[形]原子力の，核の
433,statistics,[名]統計（値）〈複数扱い〉
434,pursue,[他]～を追求する，続ける
435,accomplish,[他]～をやり遂げる
436,overcome,[他]～を克服する
437,fulfill,[他]（義務，願望など）を果たす
438,devote,[他]（A to B） （A）を（B に）ささげる
439,aim,[自]狙う
440,challenge,[名]難問，課題
441,trial,[名]試み
442,dizzy,[形]めまいがして
443,pale,[形]（顔色が）青白い，青ざめた
444,appetite,[名]食欲
445,starve,[自]（be －ing）とてもお腹が空いている
446,mental,[形]精神の
447,rest,[名]休憩
448,ache,[名]痛み
449,surgery,[名]手術
450,disease,[名]病気
451,symptom,[名]（通例 －s）症状
452,cancer,[名]がん
453,ambulance,[名]救急車
454,recover,[自]（from ～）（～から）回復する
455,sore,[形]（のどや筋肉が）痛い
456,swell,[自]（手足などが）腫れる
457,cough,[自]咳をする
458,bleed,[自]出血する
459,faint,[形]（色，光などが）かすかな
460,exhaust,[他]～を疲れ果てさせる
461,cure,[他]～を治療する
462,disabled,[形]障がいのある
463,stiff,[形]（筋肉などが）凝った，（動かすと）痛い
464,muscle,[名]筋肉
465,tongue,[名]舌
466,sense,[名]感覚
467,sweat,[名]汗（通例〈不可算〉）
468,nationality,[名]国籍
469,citizen,[名]市民
470,civil,[形]（一般）市民の
471,racial,[形]人種の，民族の
472,domestic,[形]国内の
473,rural,[形]田舎の
474,suburb,[名]（通例the －s）郊外
475,border,[名]国境（地帯），境界
476,burden,[名]重荷，負担
477,impact,[名]（on ～）（～への）影響
478,status,[名]地位
479,equal,[形]（to ～）（～に）等しい，平等な
480,relationship,[名]関係
481,reputation,[名]（人，物の）評判〈可算〉
482,trend,[名]（世の中の）風潮，傾向
483,service,[名]（政府あるいは企業による）事業，制度
484,religion,[名]宗教
485,moral,[形]道徳的な
486,standard,[名]基準，水準
487,prosperity,[名]繁栄
488,crisis,[名]危機
489,prejudice,[名]偏見，先入観
490,discrimination,[名]差別
491,charity,[名]慈善（事業）〈不可算〉
492,benefit,[名]恩恵
493,welfare,[名]福祉
494,community,[名]（地域）社会，共同体（の人々）
495,individual,[名]個人，個体
496,official,[名]役人，役員
497,immigrant,[名]（外国からの）移民
498,volunteer,[名]ボランティア
499,contribute,[自]（～に）貢献する
500,abolish,[他]～を廃止する
501,impose,[他]（A on B）（A）を（B に）課す，押しつける
502,access,[名] 利用する権利
503,duty,[名] 義務
504,compulsory,[形]義務的な
505,responsible,[形]（人が主語）責任がある
506,policy,[名]政策
507,elect,[他]～を（選挙で）選ぶ
508,industry,[名]工業
509,income,[名]収入
510,profit,[名]利益，利潤
511,tax,[名]税金（〈米〉→〈可算〉 〈英〉→〈不可算〉）
512,expense,[名]費用，経費
513,debt,[名]借金
514,deposit,[名]預金
515,charge,[名]料金
516,wage,[名]賃金
517,recession,[名]不況，不景気
518,consume,[他]～を消費する
519,waste,[他]～を浪費する
520,invest,[他]（A in B）（A）を（B に）投資する
521,import,[他]～を輸入する
522,financial,[形]財政的な，金銭的な
523,hire,[他]～を（一時的に）雇う
524,employ,[他]（人）を雇う
525,resign,[自]（as ～）（～を）辞職する
526,qualify,[自]（for ～）（～の）資格がある
527,assign,[他]～を割り当てる
528,occupation,[名]職業〈可算〉
529,career,[名]職業
530,profession,[名]（専門的な）職業
531,unemployment,[名]失業
532,document,[名]書類，資料
533,department,[名]（組織の）部門，課
534,branch,[名]支店，支局
535,retail,[名]小売り〈不可算〉
536,system,[名]組織，制度
537,structure,[名]構造
538,architecture,[名]建築（様式）〈不可算〉
539,construction,[名]建設〈不可算〉
540,function,[名]機能
541,surface,[名]表面
542,aspect,[名]側面
543,edge,[名]端
544,consist,[自]（of ～）（～で）構成されている
545,compose,[他]～を構成する，組み立てる
546,attach,[他]～をくっつける，添付する
547,connect,[他]～をつなげる
548,relate,[他]（A to B）（A）を（B に）関連づける
549,associate,[他]（A with B）（A）を（B と）関連づける，（A）から（B を）連想する
550,stick,[他]～を貼り付ける
551,separate,[他]～を引き離す
552,thief,[名]泥棒
553,crime,[名]犯罪
554,motive,[名]動機
555,punish,[他]（（人）for ～）（人）を（～の理由で）罰する
556,violate,[他]（法律など）に違反する
557,legal,[形]合法の
558,enemy,[名]敵
559,compete,[自]競争する
560,defeat,[他]（相手）を打ち負かす
561,victim,[名]犠牲者
562,obstacle,[名]（to ～）（～に対する）障害〈可算〉
563,harm,[名]害〈不可算〉
564,invade,[他]（プライバシーなど）を侵害する
565,endanger,[他]～を危険にさらす
566,interrupt,[他]～を中断する
567,spoil,[他]～を台無しにする
568,spectator,[名]観客
569,relative,[名]（家族も含めて）親戚
570,enter,[他]～に入る
571,accompany,[他]（人が主語）～と一緒に行く
572,departure,[名]出発
573,destination,[名]目的地
574,transportation,[名]交通機関〈不可算〉
575,via,[前]～経由で
576,lead,[自]（to ～）（～に）至る
577,rise,[自]上がる，昇る
578,lower,[他]～を下げる
579,flow,[自]流れる
580,burst,[自]破裂する，爆発する
581,crack,[自]割れる，砕ける
582,melt,[自]（固体が）溶ける
583,progress,[名]進歩，前進 〈不可算〉
584,advance,[名]進歩，前進 〈可算〉
585,deal,[自]（with～）（～を）扱う
586,handle,[他]～を扱う
587,cope,[自]（with～）（～に）（うまく）対処する
588,treat,[他]（副詞を伴って）～を扱う
589,clue,[名]（to ～）（～の）手がかり
590,restrict,[他]～を制限する
591,limit,[他]（数量，範囲）を制限する
592,forbid,[他]～を禁じる
593,ban,[名]禁止〈可算〉
594,refuse,[他]～を断る
595,reject,[他]～を拒絶する
596,persuade,[他]（A to do）（A）を説得して～させる
597,convince,[他]（A of B）（A）に （Bを）確信させる，（A that S V）（A）に（～を） 確信させる
598,inspire,[他]～を奮起させる，かき立てる
599,discourage,[他]～のやる気をなくさせる，落胆させる
600,promote,[他]～を促進する
601,expand,[自]拡大する，膨張する
602,extend,[他]～を延長する，広げる
603,broaden,[他]～を広げる
604,spread,[他]～を広げる
605,tie,[他]（荷物など）を縛る
606,bind,[他]～を結びつける，縛る
607,fasten,[他]～を固定する
608,fix,[他]～を固定する
609,install,[他]（機械など）を設置する
610,resist,[他]～を我慢する
611,obey,[他]～に従う
612,engage,[自]従事する
613,bump,[自]（～に）ぶつかる
614,crash,[自]激突する
615,bend,[自]身をかがめる
616,hug,[他]（人）を （愛情こめて）抱きしめる
617,stare,[自]（at ～）（～を）じっと見つめる
618,gaze,[自]（at［on］～）（～を）見つめる
619,glance,[自]ちらりと見る
620,glimpse,[他]～がちらりと見える
621,stretch,[他]（手足や体）を伸ばす，広げる
622,stumble,[自]つまずく
623,press,[他]～を（強く）押す
624,drag,[他]～を（ずるずると）引きずる
625,lean,[自]（against［on］～）（～に）寄りかかる
626,scratch,[他]～をひっかく，かく
627,bow,[自]おじぎする
628,nod,[自]うなずく
629,sigh,[自]ため息をつく
630,yawn,[自]あくびをする
631,bury,[他]～を埋める
632,perform,[他]～を遂行する
633,adopt,[他]～を採用する
634,escape,[自]（from ～）（～から）逃れる
635,scatter,[他]～をまき散らす
636,fold,[他]～を折る
637,hang,[他]～を掛ける
638,release,[他]～を解放する
639,strike,[他]～を打つ
640,beat,[他]～を打つ
641,protect,[他]～を守る，保護する
642,twist,[他]～を（ねじ）曲げる
643,stir,[他]（液体など）を混ぜる
644,shake,[他]～を振る
645,burn,[自]焼ける
646,skip,[他]～をサボる，抜かす
647,expose,[他]～をさらす
648,dip,[他]～を（ちょっと）つける，浸す
649,polish,[他]～を磨く
650,cheat,[自]ごまかす
651,attend,[他] ～に出席する，通う
652,participate,[自]（in ～）（～に）参加する
653,imitate,[他]～をまねる
654,exist,[自]存在する
655,arise,[自]生じる
656,occur,[自]生じる
657,generate,[他]（電気，利益など）を生み出す
658,involve,[他]（be －d in ～）（事件などに）巻き込まれる
659,require,[他]～を必要とする
660,counterpart,[名]（to ～）（～に）対応する［（～と）同等の］人［物，事］
661,maintain,[他]～を維持する
662,last,[自]（時間的に）続く
663,persist,[自]持続する，残る
664,gain,[他]～を増す
665,obtain,[他]（資格，許可，情報など）を得る
666,acquire,[他]～を習得する
667,examine,[他]～を調査する
668,search,[他]（A for B） （B（物）を求めてA（場所））を捜す
669,reunion,[名]同窓会
670,scholarship,[名]奨学金〈可算〉
671,logic,[名]論理（学）
672,instruction,[名]（通例－s）指示
673,determine,[他]～を決める，～に大きく影響する
674,conclude,[他]（that S V）～と結論を下す
675,distinguish,[他]～を区別する
676,classify,[他]～を分類する
677,estimate,[他]～を推定する，見積もる
678,select,[他]（注意深く）～を選ぶ，精選する
679,organize,[他]（考えなど）をまとめる
680,recognize,[他]（知り合いなど）が誰だかわかる
681,suppose,[他]（be －d to do）～することになっている
682,assume,[他]～と思い込む，決めつける
683,care,[自]（否定文で）気にする
684,doubt,[他]～を疑う
685,notice,[他]～に気がついている
686,aware,[形]気づいている
687,conscious,[形]意識している，気づいている
688,concerned,[形]（with［about］～）（～に）関心を持っている，重視している
689,regard,[他]（A as B）（A）を（B と）みなす
690,commit,[他]（oneself to ～ / be －ed to ～）～に専念する
691,memorize,[他]～を暗記する
692,approve,[自]（of ～）（～を）認める，承認する
693,forgive,[他]（人，過ち）を許す
694,grant,[他]～を認める
695,recall,[他]～を思い出す
696,abandon,[他]～を捨てる，放棄する
697,rid,[名]（不要品）を処分する
698,eliminate,[他]（不要な人，物，事）を排除する
699,relieve,[他]～を取り除く
700,remove,[他]～を取り除く，取り去る
701,resource,[名]（－s）（石油などの）資源，（人，国の）財産
702,conservation,[名]保護
703,preserve,[他]（自然など）を保護する
704,disaster,[名]災害
705,planet,[名]惑星
706,environment,[名]環境，周囲（の状況）
707,horizon,[名]水平線，地平線
708,agriculture,[名]農業〈不可算〉
709,crop,[名]作物
710,soil,[名]土，土壌
711,weed,[名]雑草，海草
712,drown,[自]溺れ死ぬ
713,leak,[自]漏れる
714,climate,[名]気候
715,atmosphere,[名]（the－）大気
716,forecast,[名]予報
717,thermometer,[名]温度計，寒暖計
718,humid,[形]湿気が多い
719,tropical,[形]熱帯の
720,solar,[形]太陽の
721,mosquito,[名]蚊
722,species,[名]種〈単複同形〉
723,extinct,[形]絶滅した
724,feed,[他]～にえさを与える
725,energetic,[形]（人，運動などが）活発な
726,greedy,[形]貪欲な
727,brave,[形]勇敢な
728,generous,[形]気前のよい
729,intellectual,[形]知的な
730,curious,[形]（人が主語）好奇心が強い
731,imaginative,[形]想像力豊かな
732,talkative,[形]おしゃべりの
733,afford,[他]（can －）～する余裕がある
734,eager,[形]熱心な
735,selfish,[形]利己的な，自分勝手な
736,aggressive,[形]攻撃的な
737,cruel,[形]残酷な
738,addicted,[形]～の中毒になっている
739,stubborn,[形]頑固な
740,earnest,[形]真面目な
741,bold,[形]大胆な
742,guilty,[形]申し訳なく思う，罪の意識がある
743,innocent,[形]（of ～）（～に関して）無実の
744,sincere,[形]（心から）誠実な
745,modest,[形]（人が）謙虚な
746,stupid,[形]ばかな
747,indifferent,[形]無関心で
748,punctual,[形]（約束などの）時間を守る
749,coward,[名]臆病者
750,precise,[形]正確な
751,accurate,[形]正確な
752,proper,[形]適切な
753,tidy,[形]（主に〈英〉）きちんとした，整然とした
754,neat,[形]きちんとした
755,efficient,[形]能率的な，無駄がない
756,reasonable,[形]理にかなった
757,significant,[形]重要な
758,precious,[形]（時間や命などが）貴重な
759,essential,[形]不可欠な
760,fundamental,[形]根本的な，基本的な
761,critical,[形]重大な，危機的な状況の
762,serious,[形]深刻な
763,complex,[形]複雑な
764,complicated,[形]複雑な
765,delicate,[形]繊細な，微妙な
766,plain,[形]明白な，わかりやすい
767,obvious,[形]明白な
768,remarkable,[形]注目すべき，すばらしい
769,outstanding,[形]傑出した，目立った
770,various,[形]さまざまな
771,diverse,[形]多様な
772,sort,[名]種（類）
773,fancy,[形]高級な
774,marvelous,[形]驚くべき
775,fabulous,[形]とても素敵な
776,active,[形]積極的な，活発な
777,positive,[形]前向きな，積極的な
778,pure,[形]純粋な
779,steady,[形]着実な，一定の
780,flexible,[形]柔軟な，融通のきく
781,ripe,[形]熟した
782,mature,[形]成熟した，熟成した
783,stable,[形]安定した
784,negative,[形]否定的な，否定の
785,vague,[形]曖昧な，漠然とした
786,weird,[形]変な
787,rough,[形]（表面が）粗い
788,severe,[形]（天候，批判，罰則などが）厳しい
789,passive,[形]受動的な，消極的な
790,vain,[形]（in －）無駄に
791,fake,[形]偽の，偽造の
792,risky,[形]危険な，危うい
793,absurd,[形]ばかげた
794,odd,[形]奇妙な
795,contrast,[名]対比
796,valid,[形]（理由，主張などが）妥当な，正当な
797,available,[形]手に入る，利用できる
798,casual,[形]気楽な
799,rare,[形]珍しい
800,practical,[形]（人，知識が）現実的な，実際の
801,brand-new,[形]新品の，真新しい
802,rapid,[形]急速な
803,urgent,[形]緊急の，差し迫った
804,sharp,[形]（変化，方向転換などが）急激な
805,calm,[形]落ち着いた
806,shallow,[形]浅い
807,bare,[形]むき出しの
808,naked,[形]（人が）裸の，むき出しの
809,independent,[形]独立した，無所属の
810,tense,[形]張り詰めた
811,broad,[形]幅広い
812,narrow,[形]狭い
813,vacant,[形]空いている，使用されていない
814,vivid,[形]（記憶，描写などが）鮮明な
815,mutual,[形]（感情，行為が）相互の
816,awkward,[形]ぎこちない
817,objective,[形]客観的な
818,manual,[形]手を使う，身体を使う
819,alike,[形]似ている
820,tend,[自]（to do）～する傾向にある
821,deserve,[他]～に値する
822,fragment,[名]破片〈可算〉
823,ease,[名]簡単さ
824,range,[名]範囲
825,scale,[名]規模
826,unique,[形]（to ～）（～に）特有の，独自の
827,particular,[形]ある特定の，特有の
828,general,[形]一般的な，全体の
829,ordinary,[形]平凡な，ふつうの
830,typical,[形]典型的な
831,account,[自]（割合を）占める
832,calculate,[他]～を計算する
833,measure,[他]～を測る
834,split,[他]～を割る
835,volume,[名]容積，体積
836,proportion,[名]比率
837,dozen,[名]ダース
838,amount,[名]量  （to ～）
839,mass,[名]大量
840,shortage,[名]不足〈可算〉
841,enormous,[形]莫大な，巨大な
842,spare,[形]余分な，予備の
843,arrange,[他]～を手配する
844,adapt,[自]適応する
845,match,[他]～と調和する
846,fit,[他]（サイズが人）に合う
847,emergency,[名]緊急事態
848,occasion,[名]場合
849,circumstance,[名]（通例 －s）状況，事情
850,incident,[名]（主に不快な）出来事
851,current,[形]最新の，今の
852,temporary,[形]一時的な
853,permanent,[形]永久的な
854,previous,[形]（時間，順序で）前の，以前の
855,former,[名]（the －）前者
856,annual,[形]年に1度の
857,contemporary,[形]現代の
858,lately,[副]最近
859,immediately,[副]すぐに
860,supply,[他]～を供給する
861,replace,[他]～に取って代わる
862,exchange,[他]～を交換する
863,substitute,[他]（A for B） （B の）代わりに（A）を用いる
864,submit,[他]（願書，辞表など）を提出する
865,alternative,[名]（to ～）（～の）代わりのもの
866,deliver,[他]～を配達する
867,enclose,[他]～を同封する
868,envelope,[名]封筒
869,trick,[名]（悪意のない）いたずら
870,load,[名]荷（物）〈可算〉
871,content,[名]中身，内容
872,routine,[名]日課，決まり切った仕事
873,household,[名]（集合的に）所帯，家庭〈可算〉
874,good,[名]（－s）商品
875,luxury,[名]高級（品），ぜいたく品
876,credit,[名]（－ card）クレジットカード
877,questionnaire,[名]アンケート
878,reservation,[名]予約
879,applause,[名]拍手〈不可算〉
880,fuss,[名]大騒ぎ
881,reward,[名]報酬，褒美 ，懸賞金
882,farewell,[名]別れ（のあいさつ）
883,reception,[名]もてなし，歓迎会
884,hospitality,[名]もてなし，歓迎
885,portion,[名]（食事の）1盛り
886,laundry,[名]〈米〉洗濯
887,stain,[名]シミ，汚れ
888,dye,[他]～を染める
889,outlet,[名]（電気の）コンセント
890,nap,[名]昼寝，仮眠
891,wake,[自]目が覚める
892,vending machine,[名]自動販売機
893,grocery,[名]食料雑貨店
894,appointment,[名]（病院などの）予約，（面会の）約束
895,consult,[他]～に相談する
896,register,[他]～を登録する，記録する
897,subscribe,[自]（to ～）（～を）定期購読する，加入している
898,guarantee,[他]～を保証する
899,wipe,[他]～を拭く
900,sweep,[他]（床，地面）を掃く
901,transfer,[自]（電車などを）乗り換える
902,divorce,[自]離婚する
903,fate,[名]運命，宿命
904,destiny,[名]運命
905,flavor,[名]風味，味〈可算〉
906,perfume,[名]香り
907,ingredient,[名]（料理などの）材料
908,tender,[形]（肉などが）柔らかい
909,bitter,[形]苦い，つらい
910,aisle,[名]通路
911,track,[名]足跡，小道
912,district,[名]地区
913,facility,[名]施設，設備
914,basement,[名]地下（室）
915,height,[名]高さ
916,distant,[形]遠い
917,remote,[形]（地理的に）へんぴな
918,locate,[他]（be －d）～に位置している，ある
919,occupy,[他]～を占める
920,surround,[他]～を取り囲む，包囲する
921,classical,[形]（音楽，バレエ，ダンスなどで）クラシックの
922,civilization,[名]文明
923,heritage,[名]遺産〈不可算〉
924,script,[名]台本，脚本
925,tale,[名]話
926,literature,[名]文学
927,tragedy,[名]悲劇〈可算〉
928,poetry,[名]詩〈不可算〉
929,biography,[名]伝記
930,term,[名]用語，言葉
931,proverb,[名]ことわざ
932,fluent,[形]流暢な
933,translate,[他]～を翻訳する
934,define,[他]～を定義する
935,interpret,[他]～を解釈する
936,quote,[他]～を引用する
937,literally,[副]文字どおりに
938,indicate,[他]（データなどが）～を示す
939,reveal,[他]～を明らかにする，暴露する
940,announce,[他]～を発表する
941,broadcast,[他]～を放送する
942,prove,[他]～を証明する
943,advertise,[他]～を宣伝する
944,seek,[他]～を求める
945,entertain,[他]～を楽しませる
946,amuse,[他]～を楽しませる
947,attract,[他]～を引きつける，魅了する
948,fascinate,[他]～を魅了する，～にとても興味をもたせる
949,absorb,[他]（be －ed in ～）～に没頭する
950,fond,[形]好きで
951,scare,[他]～をおびえさせる
952,alarm,[他]～をぎょっとさせる
953,amaze,[他]～を驚かせる
954,irritate,[他]（長期にわたって）～をいらいらさせる
955,puzzle,[他]～を当惑させる
956,confuse,[他] ～を混乱させる，困惑させる
957,bore,[他]～をうんざりさせる，退屈させる
958,frustrate,[他] ～を欲求不満にさせる
959,disappoint,[他]～を失望させる
960,embarrass,[他]～に恥ずかしい思いをさせる，困惑させる
961,ashamed,[形]恥ずかしい
962,uneasy,[形]不安な，胸騒ぎがする
963,hesitate,[自]ためらう
964,reluctant,[形]（to do）（～するのは）気が進まない
965,tremble,[自]震える
966,boast,[自]自慢する
967,jealous,[形]（of ～）（～に）嫉妬した
968,envy,[他]～を羨ましく思う
969,yell,[自]叫ぶ，大声をあげる
970,respect,[他]（人）を尊敬する
971,despair,[名]絶望
972,emotion,[名]（特に強い）感情〈可算〉
973,sympathy,[名]同情
974,shame,[名]残念なこと
975,ambition,[名]（強い）願望，野望
976,confidence,[名]自信
977,courage,[名]勇気
978,ignore,[他]（人，物）を無視する
979,owe,[他]（A）は（B の）おかげだ
980,fear,[名]恐怖
981,method,[名]方法
982,medium,[名]（情報伝達）手段，媒体，メディア
983,means,[名]手段〈単複同形〉
984,extent,[名]程度
985,extremely,[副]極度に，非常に
986,total,[形]全体の
987,largely,[副]大部分は
988,moderate,[形]適度な，節度のある
989,somewhat,[副]いくぶん
990,subtle,[形]かすかな
991,possibly,[副]ひょっとすると
992,eventually,[副]最終的に，ついに
993,necessarily,[副]（not －）必ずしも（～ない）
994,frankly,[副]率直に
995,ironically,[副]皮肉なことに
996,moreover,[副]その上
997,otherwise,[副]さもなければ
998,regardless,[副]（of ～）（～とは）無関係に
999,worth,[前]～の価値がある
1000,according to,[前]（調査，人の話など）によれば
1001,propose,[他]～を提案する
1002,demand,[他]～を（強く）要求する
1003,desire,[名]願望
1004,dismiss,[他]（意見や考えなど）を退ける
1005,bless,[他]～を祝福する
1006,glory,[名]栄光
1007,compliment,[名]褒め言葉，賛辞
1008,feast,[名]宴会，祝宴
1009,declare,[他]～を宣言する
1010,demonstrate,[他]～を（はっきり）示す，実演する
1011,highlight,[他]～を強調する
1012,imply,[他]（暗に）～を意味する，ほのめかす
1013,recite,[他]～を暗唱する
1014,ray,[名]光線
1015,radiation,[名]放射線
1016,laboratory,[名]研究室，研究所
1017,oxygen,[名]酸素
1018,molecule,[名]分子
1019,compound,[名]化合物
1020,tissue,[名]組織
1021,cell,[名]細胞
1022,gene,[名]遺伝子〈可算〉
1023,solid,[形]固体の
1024,satellite,[名]（月などの）衛星
1025,orbit,[名]軌道
1026,launch,[他]（ロケットなど）を打ち上げる
1027,attempt,[名]試み
1028,capacity,[名]能力
1029,capable,[形]（of ～）（～する）力がある
1030,attain,[他]（人が主語）～を達成する
1031,desperate,[形]必死の
1032,struggle,[自]苦闘する，もがく
1033,dedicate,[他]（A to B）（A）を（B に）ささげる
1034,pain,[名]苦痛
1035,strain,[名]（心身の）負担，無理
1036,remedy,[名]治療法，治療薬
1037,fatigue,[名]（ひどい）疲労〈不可算〉
1038,obesity,[名]（病的な）肥満
1039,nursing,[名]看護
1040,terminal,[形]（病気が）末期の
1041,pregnant,[形]妊娠した
1042,heal,[他]～を治す
1043,ankle,[名]足首
1044,thumb,[名]親指
1045,forehead,[名]額，おでこ
1046,chin,[名]下あご，あごの先端
1047,chest,[名]胸（部）
1048,breast,[名]（主に女性の）胸，乳房
1049,lung,[名]肺〈可算〉
1050,organ,[名]臓器，（動植物の）器官
1051,vision,[名]視力，視野
1052,skeleton,[名]がい骨，骨格
1053,sensation,[名]感覚
1054,code,[名]（服装などの）規定
1055,agenda,[名]議題，協議事項
1056,gender,[名]性，性別
1057,liberty,[名]自由
1058,humanity,[名]（集合的に）人類
1059,mankind,[名]（集合的に）人類
1060,authority,[名]権威
1061,justice,[名]正義
1062,insurance,[名]保険〈不可算〉
1063,hardship,[名]（主に経済的）苦難
1064,poverty,[名]貧困〈不可算〉
1065,chaos,[名]大混乱，混沌〈不可算〉
1066,isolation,[名]孤立，分離，孤独感
1067,interaction,[名] 交流，やりとり
1068,region,[名]地域
1069,proof,[名]証拠，証明〈不可算〉
1070,principle,[名]原理，原則
1071,origin,[名]起源
1072,setting,[名]環境，状況
1073,monument,[名]記念碑，遺跡，史跡
1074,mission,[名]任務，使命
1075,project,[名]計画，企画
1076,revolution,[名]革命
1077,pension,[名]年金〈可算〉
1078,found,[他]～を創立する
1079,contract,[名]契約
1080,negotiate,[自]（with ～）（～と）交渉する
1081,cooperate,[自]（with ～）（～と）協力する，（in ～）（～を）協力する
1082,restore,[他]（治安など）を回復する
1083,conservative,[形]保守的な
1084,affair,[名]（－s）情勢
1085,agency,[名]（政府）機関
1086,council,[名]議会
1087,kingdom,[名]王国
1088,republic,[名]共和国
1089,empire,[名]帝国
1090,security,[名]（国家などの）安全
1091,aid,[名]援助，救援物資〈不可算〉
1092,reform,[名]改革
1093,mayor,[名]市長
1094,minister,[名]大臣
1095,poll,[名]（政治関連の）世論調査
1096,fortune,[名]財産
1097,property,[名]（主に集合的）財産，資産
1098,fund,[名]（－s）資金
1099,stock,[名]株（式）
1100,bankrupt,[形]倒産した，破産した
1101,labor,[名]労働
1102,overwork,[自]働きすぎる
1103,firm,[名]会社
1104,union,[名]労働組合
1105,administration,[名]経営，運営
1106,secretary,[名]秘書
1107,editor,[名]（新聞，雑誌などの）編集長，（書籍の）編集者
1108,client,[名]依頼人
1109,colleague,[名]（from ～）（～の）同僚
1110,basis,[名]基礎，根拠
1111,element,[名]（最も重要な）要素，（化学の）元素
1112,constitute,[他]（主語が複数）～を構成する
1113,unify,[他]～を統一する
1114,unite,[自]団結する
1115,combine,[他]（A with B） （A）を（B と）結びつける，同時に行う
1116,murder,[名]殺人
1117,arrest,[他]～を逮捕する
1118,prison,[名]刑務所
1119,vice,[名]（売春，麻薬などの）犯罪〈不可算〉
1120,witness,[名]目撃者，証人
1121,conflict,[名]対立，紛争
1122,bullet,[名]弾丸
1123,wound,[名]傷
1124,triumph,[名]勝利
1125,military,[形]軍事的な
1126,strategy,[名]戦略
1127,conquer,[他]（国や地域）を征服する
1128,defend,[他]（A from B）（B からA）を守る
1129,quarrel,[自]（with ～）（～と）口論する
1130,rob,[他]（銀行など）を襲う
1131,deprive,[他]（A of B） （A）から（B を）奪う
1132,devastate,[他]（町など）を壊滅させる
1133,hazard,[名]危険（になり得るもの）
1134,orphan,[名]孤児
1135,infant,[名]（主に歩く前の）幼児
1136,slave,[名]奴隷
1137,acquaintance,[名]知人
1138,merchant,[名]商人
1139,resident,[名]住人，居住者
1140,crew,[名]（集合的に）乗組員
1141,commute,[自]通勤する
1142,chase,[他]～を追いかける
1143,overtake,[他]～を追い越す
1144,fade,[自]（色，記憶などが）薄れる
1145,dissolve,[自]溶ける
1146,float,[自]浮かぶ
1147,sink,[自]沈む
1148,fluctuate,[自]（数値，物価が）変動する
1149,circulate,[自]循環する，流布する
1150,transform,[他]～を（大幅に）変える
1151,shift,[名]（考え方の）転換
1152,modify,[他]～を修正する
1153,revise,[他]（制度，予測，論文など）を修正する，改正する
1154,vehicle,[名]（エンジンの付いた）車両
1155,voyage,[名]航海，船旅
1156,confirm,[他]～を確認する
1157,ensure,[他]～を確実にする
1158,address,[他]～に取り組む
1159,approach,[名]（to ～）（～への）取り組み方，接近
1160,resolve,[他]～を解決する
1161,settle,[他]（紛争など）を解決する
1162,warn,[他]～に警告する
1163,force,[他]～に強いる
1164,boost,[他]～を促進させる，増大させる
1165,appeal,[自]（to ～）（～に）訴える
1166,leap,[自]跳ぶ
1167,grab,[他]（ぐいっと）～をつかむ
1168,seize,[他]～をつかむ
1169,cast,[他]～を投げる
1170,slap,[他]～を平手打ちする
1171,stun,[他]～を気絶させる
1172,illuminate,[他]～を照らす
1173,mend,[他]～を修繕する
1174,react,[自]（to ～）（～に）反応する
1175,endure,[他]（長期にわたり）～に耐える
1176,encounter,[他]～に偶然出会う
1177,neglect,[他]～を怠る，放置する
1178,undergo,[他]～を経験する
1179,trace,[他]～を捜し出す
1180,conduct,[他]～を行う
1181,emerge,[自]（隠れていたものが）現れる
1182,unfold,[自]展開する，はっきりしてくる
1183,derive,[自]（from ～）（～に）由来する
1184,possess,[他]～を所有している
1185,retain,[他]～を保持する
1186,secure,[他]（場所，地位，契約など）を確保する
1187,capture,[他]～を捕らえる
1188,inquiry,[名]（into ～）（～の）調査
1189,specialize,[自]〈英〉（～を）専攻する
1190,semester,[名]（米，日本などの2 学期制の）学期
1191,biology,[名]生物学
1192,ecology,[名]生態（学）
1193,philosophy,[名]（学問としての）哲学〈不可算〉
1194,geography,[名]地理（学）
1195,psychology,[名]心理学
1196,institution,[名]（大学，病院などの）機関
1197,dormitory,[名]寮
1198,notion,[名]考え
1199,concept,[名]概念，考え
1200,meditation,[名]瞑想
1201,insight,[名]（into ～）（～に対する）洞察（力）
1202,outlook,[名]（人生，世界などに対する）考え方
1203,caution,[名]用心
1204,will,[名]意志
1205,option,[名]選択肢，選択（の自由）
1206,nightmare,[名]悪夢
1207,keen,[形]（頭脳，感性などが）鋭い
1208,cherish,[他]～を大切にする，胸に抱く
1209,intend,[他]（to do）～するつもりだ
1210,suspect,[他]（that S V）～ではないかと思う
1211,comprehend,[他]～を（十分に）理解する
1212,misunderstand,[他]（人，人の言うこと）を誤解している
1213,identify,[他]～を（何なのか）特定する
1214,permit,[他]～を許可する
1215,acknowledge,[他]～を認める
1216,trim,[他]～を刈り込む，切り取る
1217,omit,[他]～を省く
1218,cultivate,[他]～を耕す
1219,shade,[名]日陰，（絵画，写真の）陰の部分，ブラインド
1220,breeze,[名]そよ風
1221,desert,[名]砂漠
1222,fog,[名]霧
1223,moisture,[名]湿気，水分
1224,damp,[形]湿った，じめじめした
1225,path,[名]（小）道
1226,trail,[名]山道
1227,stream,[名]小川
1228,tide,[名]潮（の干満），潮流
1229,habitat,[名]生息地
1230,layer,[名]（大気や地面などの）層
1231,volcano,[名]火山
1232,mine,[名]鉱山
1233,scent,[名]（花，果物の良い）香り
1234,wheat,[名]小麦
1235,swallow,[名]ツバメ
1236,web,[名]（クモの）巣
1237,cattle,[名]ウシ
1238,kitten,[名]子ネコ
1239,organism,[名]生物
1240,wildlife,[名]野生生物
1241,beast,[名]野獣
1242,ape,[名]類人猿
1243,mammal,[名]哺乳動物，哺乳類
1244,flock,[名]（鳥，羊の）群れ
1245,breed,[自]繁殖する
1246,reproduce,[自]繁殖する
1247,hatch,[自]（卵から）かえる，孵化する
1248,diligent,[形]勤勉な
1249,noble,[形]高潔な
1250,arrogant,[形]傲慢な
1251,timid,[形]臆病な
1252,humble,[形]控えめな
1253,inclined,[形]（be ～ to do）～する傾向がある
1254,principal,[形]主要な
1255,prime,[形]（目標，容疑者などが）最重要な
1256,indispensable,[形]不可欠な
1257,grave,[形]重大な
1258,definite,[形]明確な
1259,evident,[形]明らかな
1260,prominent,[形]（物が）目立った
1261,marked,[形]（名詞の前で）際立った，著しい
1262,grace,[名]優美さ
1263,charm,[名]魅力
1264,rational,[形]理性的な
1265,magnificent,[形]壮大な，素晴らしい
1266,superior,[形]（be － to ～）（～）より優れている
1267,loyal,[形]（to ～）（～に）忠実な
1268,horrible,[形]（物，天気などが）とてもひどい，ぞっとする
1269,miserable,[形]悲惨な，とても不幸な
1270,dull,[形]退屈な
1271,nasty,[形]（人，物，発言などが）不快な
1272,insane,[形]正気でない
1273,ridiculous,[形]ばかげた
1274,notorious,[形]（for ～）（～で）悪名高い
1275,evil,[形]（道徳的に）悪い
1276,mess,[名]乱雑
1277,vast,[形]（地域，土地が）広大な
1278,huge,[形]巨大な
1279,tiny,[形]とても小さな
1280,sphere,[名]球体
1281,strip,[名]細長い一片
1282,internal,[形]内部の
1283,mobile,[形]流動的な
1284,steep,[形]（坂などが）険しい
1285,intense,[形]（感情，競争などが）強烈な
1286,abstract,[形]抽象的な
1287,inevitable,[形]避けられない，必然的な
1288,neutral,[形]中立の
1289,brief,[形]手短な，簡潔な
1290,potential,[形]潜在的な
1291,tough,[形]たくましい，頑強な
1292,secondhand,[形]中古の
1293,resemble,[他]～に似ている
1294,contrary,[名]（on the －）それどころか
1295,category,[名]範疇
1296,scope,[名]範囲
1297,respective,[形]それぞれの
1298,given,[形]（時間，量などが）定められた
1299,peculiar,[形]（to ～）（～に）固有の
1300,plenty,[名]（of ～）十分な～，たくさんの～
1301,sufficient,[形]十分な
1302,numerous,[形]多くの
1303,substantial,[形]かなりの，たくさんの
1304,unit,[名]単位
1305,diameter,[名]直径
1306,quantity,[名]量
1307,deficiency,[名]欠乏，不足
1308,lessen,[他]～を減らす
1309,era,[名]時代
1310,session,[名]（活動の）期間
1311,pause,[名]休止
1312,meanwhile,[副]その間
1313,souvenir,[名]土産，記念品
1314,brick,[名]れんが
1315,pole,[名]棒，さお，柱
1316,thread,[名]糸
1317,mischief,[名]いたずら〈不可算〉
1318,superstition,[名]迷信
1319,storage,[名]貯蔵，保管〈不可算〉
1320,shelter,[名]避難（所）
1321,garment,[名]衣類
1322,cabinet,[名]戸棚
1323,recipe,[名]レシピ，調理法
1324,brochure,[名]パンフレット
1325,shipping,[名]（商品の）発送
1326,fetch,[他]（主に〈英〉）～を取って来る
1327,distribute,[他]～を分配する，配る
1328,statue,[名]像
1329,sculpture,[名]彫刻
1330,carve,[他]～を彫る，刻む
1331,myth,[名]（俗説という意味での）神話
1332,craft,[名]工芸（品）
1333,journal,[名]雑誌，専門誌
1334,heaven,[名]天国
1335,funeral,[名]葬式
1336,soul,[名]魂
1337,priest,[名]神父，僧侶，牧師，聖職者
1338,faith,[名]（主に宗教上の）信仰
1339,sacred,[形]神聖な
1340,divine,[形]神の
1341,context,[名]文脈
1342,singular,[形]単数の
1343,command,[名]言語を操る力
1344,instance,[名]例
1345,narrative,[名]語り，物語
1346,dialogue,[名]（本，劇，映画の中の）会話
1347,usage,[名]語法
1348,accent,[名]訛
1349,temper,[名]気性
1350,affection,[名]愛情
1351,enthusiasm,[名]情熱，熱意
1352,passion,[名]情熱
1353,rage,[名]激怒
1354,sorrow,[名]悲しみ
1355,incredible,[形]信じられない
1356,chuckle,[自]くすくす笑う
1357,tease,[他]～をからかう，冷やかす
1358,dare,[他]（to do）思い切って～する
1359,willing,[形]（be － to do）嫌がらずに～する
1360,scream,[自]悲鳴を上げる
1361,soothe,[他]（人）をなだめる
1362,tempt,[他]～を誘惑する
1363,scold,[他]～を叱る
1364,oppress,[他]～を圧迫する，虐げる
1365,threaten,[他]（to do）～すると脅す
1366,delight,[他]～を喜ばせる
1367,astonish,[他]～を（とても）驚かせる
1368,mourn,[他]～を嘆く，悼む
1369,offend,[他]（人，物が）～を怒らせる，～の気分を害する
1370,depress,[他]～を憂うつにさせる，落ち込ませる
1371,sacrifice,[他]～を犠牲にする
1372,impulse,[名]衝動
1373,curse,[名]災いの元
1374,factor,[名]要因
1375,stem,[自]（from ～）（～が）原因である
1376,trigger,[他]～のきっかけになる，～を誘発する
1377,consequence,[名]結果
1378,process,[名]過程
1379,resort,[自]（to ～）（～に）訴える
1380,formula,[名]方法
1381,procedure,[名]手続き，手順
1382,extraordinary,[形]並外れた
1383,absolute,[形]絶対的な
1384,overwhelming,[形]圧倒的な
1385,altogether,[副]完全に
1386,entire,[形]すべての
1387,tremendous,[形]すさまじい
1388,sheer,[形]（数量やサイズを強調して）とてつもない～の
1389,partial,[形]部分的な
1390,barely,[副]かろうじて
1391,slight,[形]わずかな
1392,approximately,[副]（数量が）おおよそ，約
1393,frequently,[副]頻繁に
1394,apparently,[副]どうやら～らしい
1395,merely,[副]（主に名詞の前で）～にすぎない
1396,nevertheless,[副]それにもかかわらず
1397,somehow,[副]何らかの方法で
1398,thus,[副]それゆえ（に）
1399,pretty,[副]まあまあ
1400,despite,[前]～にもかかわらず
1401,assert,[他]～と断定する，～を主張する
1402,defy,[他]～に逆らう
1403,condemn,[他]～を非難する
1404,contradict,[他]～と矛盾する
1405,cite,[他]～を引き合いに出す，引用する
1406,illustrate,[他]（例で）～を説明する，例証する
1407,articulate,[他]（考えなど）をはっきり述べる
1408,advocate,[名]提唱者，支持者
1409,breakthrough,[名]飛躍的進歩，大発見
1410,evolution,[名]進化
1411,innovation,[名]革新
1412,probe,[名]探査機
1413,fluid,[名]流体
1414,particle,[名]粒子
1415,gravity,[名]重力
1416,friction,[名]摩擦
1417,mutation,[名]突然変異
1418,heredity,[名]遺伝
1419,hypothesis,[名]仮説
1420,specimen,[名]標本
1421,microscope,[名]顕微鏡
1422,realm,[名]領域，領土
1423,acid,[形]酸性の
1424,toxic,[形]有害な，有毒な
1425,poison,[名]毒
1426,strive,[自]努力する
1427,endeavor,[名]努力，試み
1428,manufacture,[他]～を製造する
1429,yield,[他]～を産出する
1430,duplicate,[他]～を複製する
1431,assemble,[他]～を組み立てる
1432,mold,[他]～を（型に入れて）作る
1433,coin,[他]～を作り出す
1434,physician,[名]〈米〉医師
1435,veterinarian,[名]獣医
1436,therapy,[名]治療（法）
1437,injection,[名]注射
1438,dose,[名]（1回分の）服用量
1439,sanitation,[名]衛生
1440,germ,[名]細菌，ばい菌〈可算〉
1441,tumor,[名]腫瘍〈可算〉
1442,agony,[名]苦痛
1443,disorder,[名]（心身の）不調
1444,plague,[名]（大規模な）疫病，伝染病，災害
1445,epidemic,[名]（大）流行
1446,diagnosis,[名]診断
1447,mortality,[名]（－ rate）死亡率
1448,chronic,[形]慢性の
1449,immune,[形]免疫の（ある）
1450,choke,[自]（on ～）（～で）息が詰まる，窒息する
1451,paralyze,[他]～を麻痺させる
1452,infect,[他]（人，動物，地域）に感染させる，伝染する
1453,prescribe,[他]（薬など）を処方する
1454,digest,[他]～を消化する
1455,weary,[形]（極度に）疲れている
1456,nourish,[他]～に栄養を与える
1457,flesh,[名]（人，動物の皮，骨に対する）肉
1458,kidney,[名]腎臓
1459,posture,[名]姿勢
1460,limb,[名]手足（の1 本）
1461,erect,[形]直立した
1462,compensate,[他]（A for B） （A）に（B を）補償する
1463,flourish,[自]栄える
1464,abuse,[名]虐待
1465,bias,[名]偏見
1466,prestige,[名]名声，威信
1467,privilege,[名]特権
1468,feat,[名]偉業
1469,dignity,[名]威厳
1470,virtue,[名]美徳
1471,aristocracy,[名]貴族（階級，社会）
1472,rebel,[名]反逆者
1473,scheme,[名]〈英〉計画
1474,convention,[名]会議，大会
1475,conference,[名]（on ～）（～に関する）会議
1476,consent,[名]合意
1477,initiative,[名]新構想，新計画
1478,province,[名]（カナダなどの）州，（中国の）省
1479,colony,[名]植民地
1480,frontier,[名]辺境，（主に〈英〉）国境
1481,tribe,[名]部族，種族
1482,primitive,[形]原始的な，未開の
1483,ethnic,[形]民族の，民族的な
1484,anonymous,[形]匿名の
1485,coverage,[名]報道
1486,obligation,[名]（社会に対する）責務
1487,norm,[名]ふつうのこと
1488,patent,[名]特許（権）
1489,entitled,[形]（to ～）（～の）権利がある
1490,donate,[他]～を寄付する
1491,conform,[自]（to ～）（～に）合わせる
1492,comply,[自]（with ～）（～に）従う， 遵守する
1493,legislation,[名]（集合的に）法律〈不可算〉
1494,testimony,[名]（法廷などでの）証言
1495,jury,[名]陪審（員団）
1496,legitimate,[形]正当な
1497,enforce,[他]～を施行する
1498,regime,[名]政権，政治体制
1499,bureaucracy,[名]官僚制度，官僚主義
1500,corruption,[名]腐敗，汚職
1501,tyranny,[名]圧政，専制政治
1502,sanction,[名]（－s）制裁
1503,census,[名]国勢調査
1504,candidate,[名]（for ～）（～の）候補（者），（～に）なりそうな人［物］
1505,senator,[名]〈米〉（しばしばS－）上院議員
1506,ambassador,[名]大使
1507,diplomat,[名]外交官
1508,refugee,[名]難民
1509,territory,[名]領土
1510,ally,[名]同盟国，協力者
1511,federal,[形]連邦の
1512,feudal,[形]（主に欧州の）封建制の
1513,communist,[形]共産主義（者）の
1514,estate,[名]（全）財産
1515,asset,[名]財産，資産
1516,revenue,[名]（国などの）歳入，（事業などの）収益
1517,deficit,[名]（会社，国の）赤字
1518,commerce,[名]商業
1519,output,[名]生産高
1520,subsidy,[名]補助金
1521,monopoly,[名]独占（権，品），独占企業
1522,transaction,[名]取り引き
1523,corporation,[名]企業，法人
1524,enterprise,[名]企業
1525,venture,[名]（ベンチャー）事業
1526,headquarters,[名]本社，本部
1527,personnel,[名]（官庁，会社などの）全職員〈複数扱い〉
1528,expertise,[名]専門的知識，専門的技術〈不可算〉
1529,quota,[名]ノルマ，割り当て
1530,warehouse,[名]倉庫，〈英〉問屋
1531,toil,[自]（長時間）骨折って働く
1532,undertake,[他]（仕事など）を引き受ける，始める
1533,merge,[自]合併する
1534,comprise,[他]～から成る
1535,component,[名]構成要素，（車などの）部品
1536,framework,[名]枠組
1537,prototype,[名]（of［for］～）（～の）原型
1538,dimension,[名]（問題などの）側面，要因，次元
1539,margin,[名]余白，欄外
1540,relevant,[形]関連のある
1541,compatible,[形]（with ～）（～と）適合する，互換性がある
1542,correspond,[自]（to［with］～）（～と）一致する
1543,identical,[形]同一の，うり二つの
1544,equivalent,[形]等しい
1545,random,[形]無作為の，でたらめの
1546,warrior,[名]戦士
1547,assault,[名]襲撃，暴行
1548,troop,[名]（－s）軍隊
1549,torture,[名]拷問
1550,dispute,[名]論争，紛争
1551,riot,[名]暴動
1552,persecution,[名]迫害
1553,dominate,[他]～を支配する
1554,slaughter,[他]～を虐殺する，（食肉用に）殺す
1555,suppress,[他]（反乱，暴動）を鎮圧する
1556,surrender,[自]（to ～）（～に）降伏する
1557,contend,[自]（with ～）（～と）戦う
1558,hostile,[形]敵意のある
1559,wreck,[名]（乗り物，家の）残骸
1560,toll,[名]犠牲［死傷］者（数），被害
1561,disrupt,[他]（活動の進行など）をかき乱す
1562,interfere,[自]（with ～）（～を）邪魔する，干渉する
1563,confront,[他]（困難などが人）に立ちふさがる
1564,hinder,[他]～を妨げる
1565,explode,[自]爆発する
1566,collide,[自]（with ～）（～と）衝突する
1567,nephew,[名]甥
1568,spouse,[名]配偶者
1569,heir,[名]相続人，後継者
1570,folk,[名]民族
1571,peer,[名]（－s）同等の人，同輩
1572,proceed,[自]（順を追って）進む
1573,navigate,[自]（旅などで）進路を決める
1574,roam,[自]歩き回る
1575,flee,[自]逃亡する
1576,retreat,[自]退く
1577,crawl,[自]這って進む，這うように進む
1578,drift,[自]漂う
1579,alter,[他]～を変える
1580,convert,[他]（A into B）（A）を（B に）転換する
1581,shrink,[自]縮む
1582,wither,[自]しおれる，しぼむ
1583,transition,[名]移り変わり，推移
1584,distortion,[名]歪めること
1585,enhance,[他]～を向上させる
1586,reinforce,[他]～を補強する
1587,foster,[他]（才能など）を育成する
1588,breakdown,[名]崩壊
1589,collapse,[自]崩壊する，倒れる
1590,render,[他]（SVOC）（O）を（C）にする
1591,impair,[他]（人間の機能など）を低下させる，損なう
1592,deteriorate,[自]悪化する
1593,undermine,[他]～を弱める，揺るがす
1594,tackle,[他]～に取り組む
1595,disposal,[名]（at one's －）～を自由にする
1596,confine,[他]～を閉じ込める
1597,designate,[他]（通例，受け身で）～を指定する
1598,regulate,[他]（主に規則によって）～を規制する
1599,prohibit,[他]～を禁じる
1600,refrain,[自]（from ～）（～を）控える
1601,curb,[他]～を抑制する
1602,restrain,[他]～を抑制する
1603,halt,[他]～を止める
1604,animate,[他]～を活気づける
1605,spur,[他]～を駆り立てる，促す
1606,urge,[他]～をせき立てる，～に強く勧める
1607,lure,[他]～を誘い込む
1608,stimulate,[他]～を刺激する
1609,compel,[他]（A to do）（A）に（～することを）強制する
1610,dictate,[他]～を書き取らせる
1611,blur,[他]～をぼやかす
1612,divert,[他]（川など）の方向を変える
1613,reverse,[他]～を逆転する，覆す
1614,supplement,[他]（栄養，収入など）を補う
1615,pose,[他]～をもたらす
1616,stroll,[自]散策する
1617,shrug,[他]（肩）をすくめる
1618,sniff,[自]（くんくん）臭いをかぐ
1619,embrace,[他]～を抱擁する
1620,betray,[他]～を裏切る
1621,deceive,[他]～をだます
1622,bully,[他]～をいじめる
1623,squeeze,[他]（果汁など）を搾る
1624,insert,[他]～を差し込む
1625,detach,[他]（A from B） （A）を（B から）切り離す
1626,withdraw,[他]～を引っ込める
1627,withstand,[他]～に耐える
1628,exert,[他]（力，影響力など）を働かせる
1629,compile,[他]～をまとめる，編集する
1630,browse,[自]拾い読みする
1631,manipulate,[他]～を操作する
1632,implement,[他]（契約，計画など）を実行する
1633,execute,[他]～を遂行する，実行する
1634,host,[他]（大会など）を主催する
1635,mount,[他]～を据え付ける
1636,discharge,[他]～を排出する
1637,drain,[他]～の水を抜く
1638,soak,[他]～を浸す
1639,suspend,[他]～をつるす
1640,extract,[他]～を取り出す，抽出する
1641,summon,[他]～を呼ぶ，召喚する，喚問する
1642,embark,[自]（on ～）（～に）着手する，乗り込む
1643,thrust,[他]～を強く押しつける
1644,penetrate,[他]～に入り込む
1645,intrude,[自]（on～）（～に）立ち入る
1646,evade,[他]～を逃れる
1647,utilize,[他]～を利用する
1648,spin,[自]ぐるぐる回る
1649,plunge,[自]（into ～）（～に）突っ込む
1650,rattle,[自]ガタガタ鳴る
1651,vanish,[自]消える
1652,cease,[他]（to do［doing］）～しなくなる
1653,haste,[名]急ぐこと〈不可算〉
1654,conceal,[他]～を隠す
1655,disguise,[他]～を（偽装して）隠す
1656,coincide,[自]（with ～）（～と）同時に起きる
1657,prevail,[自]（考え，習慣などが）普及している
1658,sustain,[他]（生命など）を維持する，支える
1659,linger,[自]（いつまでも）残る
1660,revive,[自]生き返る，よみがえる
1661,resume,[他]～を再開する
1662,inspect,[他]～を検査する
1663,investigate,[他]（研究班などが）～を調査する
1664,detect,[他]～を探知する，（病気など）を発見する，（うそなど）を見抜く
1665,discern,[他]～を見分ける
1666,expedition,[名]（研究・探求・戦争目的の）探検，遠征
1667,enroll,[自]（in ～）（～に）入学する
1668,discipline,[他]～をしつける
1669,cram,[自]詰め込み勉強をする
1670,faculty,[名]（生まれ持った）能力
1671,tuition,[名]〈米〉授業料
1672,diploma,[名]〈米〉卒業証書
1673,mentor,[他]～を指導する
1674,ethic,[名]（－s）（社会や職業上の）倫理（観）
1675,astronomy,[名]天文学
1676,archaeologist,[名]考古学者
1677,anthropologist,[名]（文化）人類学者
1678,perceive,[他]（A as B）（A）を（B だと）認識する
1679,grasp,[他]～を理解する
1680,conceive,[他]～を思い浮かべる
1681,anticipate,[他]～を予想する
1682,foresee,[他]～を予知する
1683,speculate,[自]推測する
1684,infer,[他]（A from B） （B からA）を推測する
1685,deduce,[他]（A from B） （B からA）を推定する
1686,ponder,[他]～を熟考する
1687,contemplate,[他]～を熟考する
1688,assure,[他]～に保証する，確信させる
1689,assess,[他]～を評価する，査定する
1690,evaluate,[他]～を（正しく）評価する
1691,verify,[他]（事実かどうか）を確かめる，検証する
1692,compromise,[自]（with ～）（～と）妥協する
1693,reconcile,[他]（A with B）（A）を（B と）調和させる，和解させる
1694,alert,[形]油断のない，用心深い
1695,stereotype,[名]固定観念
1696,perspective,[名]（経験などで得られる）視点〈可算〉
1697,prospect,[名]見通し
1698,vow,[名]誓い
1699,intuition,[名]直観
1700,illusion,[名]幻想
1701,criterion,[名]基準
1702,tolerate,[他]～を大目に見る，我慢する
1703,overlook,[他]～を（うっかり）見落とす
1704,grain,[名]穀物
1705,drought,[名]干ばつ
1706,irrigation,[名]灌漑
1707,spectacle,[名]（きわめて印象的な）光景
1708,altitude,[名]標高，高度
1709,catastrophe,[名]大災害，災難
1710,decay,[名]腐敗
1711,erosion,[名]侵食
1712,flame,[名]炎
1713,galaxy,[名]銀河
1714,meteor,[名]流星，隕石
1715,chill,[名]寒気
1716,meadow,[名]草地，牧草地
1717,exploit,[他]（自然の力など）を利用する
1718,contaminate,[他]～を汚染する
1719,erupt,[自]（火山が）噴火する
1720,evaporate,[自]蒸発する
1721,fertile,[形]肥沃な，肥えた
1722,roar,[自]ほえる
1723,inhabit,[他]～に生息している，ある
1724,nurture,[他]～を育てる
1725,owl,[名]フクロウ
1726,instinct,[名]本能
1727,prey,[名]餌食
1728,timber,[名]（主に〈英〉）材木
1729,fabric,[名]布地，織物
1730,textile,[名]織物
1731,weave,[他]～を織る
1732,competent,[形]有能な
1733,optimistic,[形]楽観的な
1734,patriotic,[形]愛国的な
1735,naughty,[形]いたずらな
1736,vigorous,[形]（人，活動が）精力的な
1737,solitary,[形]（人が）孤高の
1738,vulgar,[形]（人，行動が）品がない
1739,skeptical,[形]懐疑的な
1740,haunt,[他]（亡霊，考えなどが）～につきまとう，出没する
1741,obsessed,[形]（with［by］ ～）（～に）取りつかれて，頭が一杯で
1742,intent,[形]（on ～）（～に）没頭した，決心した
1743,indulge,[自]（in ～）（～に）ふける
1744,cling,[自]（to ～）（～に）固執する，しがみつく
1745,flaw,[名]欠陥
1746,defect,[名]欠陥
1747,trait,[名]特性
1748,analogy,[名]類似点，例え
1749,parallel,[名]類似（物）
1750,crucial,[形]重大な
1751,primary,[形]主な，第1 の
1752,integral,[形]不可欠な
1753,vital,[形]不可欠な，きわめて重要な
1754,profound,[形]深い
1755,grim,[形]（状況などが）厳しい
1756,fierce,[形]（競争，嵐などが）激しい
1757,harsh,[形]厳しい
1758,savage,[形]（とても）容赦ない，どう猛な
1759,acute,[形]深刻な
1760,ambiguous,[形]曖昧な
1761,obscure,[形]ぼやけた，わかりにくい
1762,misleading,[形]誤解を招く，紛らわしい
1763,straightforward,[形]（方法などが）わかりやすい
1764,explicit,[形]（発言や文章などが）明確な
1765,sophisticated,[形]（機械，システムが）高度な
1766,ingenious,[形]独創的な
1767,decent,[形]まともな，きちんとした
1768,thrive,[自]（会社などが）好調である，繁栄する
1769,wit,[名]機知，機知に富んだ人
1770,affluent,[形]裕福な
1771,elaborate,[形]手の込んだ，凝った
1772,prompt,[形]迅速な
1773,swift,[形]素早い
1774,mighty,[形]強力な
1775,renowned,[形]有名な
1776,dim,[形]薄暗い
1777,gloomy,[形]薄暗い
1778,barren,[形]不毛な
1779,idle,[形]（仕事がなく）何もしていない
1780,tiresome,[形]退屈な，うんざりする
1781,static,[形]静的な，（経済などで）変化のない，活気のない
1782,clumsy,[形]無器用な
1783,ignorant,[形]無知の
1784,reckless,[形]無謀な
1785,arbitrary,[形]独断的な，勝手な
1786,foul,[形]（味，臭いなどが）不快な
1787,shabby,[形]みすぼらしい，おんぼろの
1788,monotonous,[形]単調な
1789,crude,[形]粗末な，粗野な
1790,fragile,[形]壊れやすい，もろい
1791,vulnerable,[形]傷つきやすい，弱い
1792,rust,[名]さび
1793,plight,[名]窮状，苦境
1794,conventional,[形]従来の，慣習的な
1795,innate,[形]（才能などが）先天的な，生まれつきの
1796,exotic,[形]（動［植］物が）外来の
1797,tame,[形]飼い慣らされた，従順な
1798,solemn,[形]（場所，祝祭が）厳粛な，（音楽が）荘厳な
1799,manifest,[形]明らかな
1800,dense,[形]密集した，（霧などが）濃い
1801,superficial,[形]表面的な
1802,transparent,[形]透明な
1803,consistent,[形]（with ～）矛盾のない，一致している
1804,coherent,[形]一貫している
1805,universal,[形]普遍的な
1806,upright,[副]直立して
1807,underlying,[形]根底にある
1808,spontaneous,[形]自然発生的な
1809,mock,[形]模擬の，見せかけの
1810,liable,[形]（to do）～しがちだ
1811,converse,[名]正反対
1812,preliminary,[形]予備的な，事前の
1813,version,[名]（個人的な）解釈，意見
1814,indigenous,[形]（動［植］物，民族が）固有の
1815,decline,[自]減る，衰退する
1816,multiply,[他]～を増やす
1817,soar,[自]（価格，温度が）急上昇する
1818,accumulate,[他]～を蓄積する
1819,exceed,[他]～を越える
1820,abundant,[形]豊富な
1821,ample,[形]豊富な
1822,gross,[形]総計の
1823,infinite,[形]無限の
1824,sole,[形]唯一の
1825,heap,[名]山
1826,fraction,[名]少量
1827,simultaneous,[形]同時の
1828,medieval,[形]中世の
1829,decade,[名]10年
1830,dawn,[名]夜明け
1831,span,[名]（継続した）期間
1832,expire,[自]期限が切れる
1833,postpone,[他]～を延期する
1834,equip,[他]～を装備させる，備え付ける
1835,transmit,[他]～を送る，伝える
1836,endow,[他]～を授ける
1837,inherit,[他]～を受け継ぐ
1838,retrieve,[他]～を回収する，取り戻す
1839,displace,[他] ～に取って代わる
1840,bond,[名]きずな
1841,ornament,[名]（小さな）飾り，置物
1842,certificate,[名]証明書，免許状，鑑定書
1843,accommodation,[名]（〈米〉－s）宿泊施設
1844,intersection,[名]交差点
1845,pavement,[名]（主に〈英〉）歩道
1846,pedestrian,[名]歩行者
1847,excursion,[名]小旅行，遠足
1848,itinerary,[名]旅程（表）
1849,token,[名]（as a － of）（～の）しるし（として）
1850,detergent,[名]洗剤
1851,purchase,[他]～を購入する
1852,dwell,[自]住む
1853,juvenile,[形]青少年の
1854,adolescent,[名]思春期の若者
1855,initial,[形]最初の
1856,precede,[他]～に先行する
1857,phase,[名]段階
1858,priority,[名]優先（事項）
1859,premise,[名]前提
1860,legend,[名]伝説，言い伝え
1861,masterpiece,[名]傑作
1862,ritual,[名]（宗教的）儀式
1863,worship,[名]崇拝，礼拝
1864,advent,[名]到来
1865,swear,[自]誓う
1866,confess,[自]（to ～）（～を）白状する
1867,verbal,[形]言葉による
1868,oral,[形]口述の
1869,eloquent,[形]雄弁な
1870,linguistic,[形]言語の，言語学の
1871,plot,[名]（小説，演劇などの）筋
1872,draft,[名]下書き，草稿
1873,statement,[名]述べたこと，声明
1874,paradox,[名]逆説
1875,slang,[名]（集合的に）俗語
1876,riddle,[名]なぞなぞ，謎
1877,clarify,[他]～を明らかにする
1878,exhibit,[他]～を展示する
1879,portray,[他]～を描く
1880,attribute,[他]（A to B） （A）を（B）のせいだとする
1881,console,[他]～を慰める
1882,arouse,[他]～を呼び起こす
1883,distract,[他]（注意，意識など）をそらす
1884,plead,[自]（with ～）（～に）懇願する
1885,yearn,[自]切望する
1886,long,[自]（for ～）（～を）切望する
1887,adore,[他]～を熱愛している
1888,utter,[他]（叫び声など）を発する
1889,exclaim,[自]（驚き，怒りなどで）叫ぶ
1890,lament,[他]～を深く悲しむ，嘆く
1891,shed,[他]（涙など）を流す
1892,resent,[他]～に憤慨する
1893,dread,[他]～を恐れる
1894,startle,[他]～を驚かせる
1895,thrill,[他]～をぞくぞく［わくわく］させる
1896,humiliate,[他]～に恥をかかせる
1897,blush,[自]赤面する
1898,frown,[自]（on ～）（～に）眉をひそめる
1899,dismay,[他]～を狼狽させる
1900,bewilder,[他]（通例，受け身）～を当惑させる
1901,perplex,[他]～を困惑させる
1902,disgust,[他]～に嫌悪を抱かせる
1903,despise,[他]～を軽蔑する
1904,furious,[形]激怒した
1905,intimate,[形]親密な
1906,intriguing,[形]興味深い
1907,conscience,[名]良心
1908,self-esteem,[名]自尊心
1909,mercy,[名]慈悲，情け
1910,aspiration,[名]熱望
1911,grief,[名]（人の死などに対する）深い悲しみ
1912,distress,[名]苦しみ，苦難
1913,apprehension,[名]不安
1914,melancholy,[名]憂うつ，ふさぎ込み
1915,contempt,[名]軽蔑
1916,insult,[名]侮辱
1917,nuisance,[名]迷惑（になるもの）
1918,menace,[名]（to ～）（～にとっての）厄介なもの［人］，脅威
1919,verge,[名]瀬戸際，寸前
1920,incentive,[名]励み
1921,outcome,[名]結果
1922,thorough,[形]完全な，徹底的な
1923,adequate,[形]十分な，適切な
1924,overall,[形]全体的な，全面的な
1925,ultimate,[形]究極の，最終の
1926,genuine,[形]（感情が）心からの
1927,radical,[形]根本的な，抜本的な
1928,drastic,[形]抜本的な，思い切った
1929,trivial,[形]ささいな
1930,virtually,[副]事実上
1931,abruptly,[副]不意に，突然
1932,deliberately,[副]故意に
1933,hence,[副]だから，それゆえに
1934,namely,[副]すなわち
1935,whereas,[接]～だが一方
